{
    "mappings": [
        [
            [0.5, 0, 0, 0],
            [0, 0.5, 0, 0.5],
            [0, 0, 0.5, 0]
        ], [
            [0.5, 0, 0, 0],
            [0, 0.5, 0, -0.25],
            [0, 0, 0.5, 0.4330127018922193]
        ], [
            [0.5, 0, 0, 0.375],
            [0, 0.5, 0, -0.25],
            [0, 0, 0.5, -0.21650635094610965]
        ], [
            [0.5, 0, 0, -0.375],
            [0, 0.5, 0, -0.25],
            [0, 0, 0.5, -0.21650635094610965]
        ]
    ],
    "light": [1, 1, 1],
    "material": {
        "coefficients": [0.5, 0.5, 0.05],
        "glossiness": 50,
        "color": [1.0, 1.0, 1.0]
    }
}