{
    "mappings": [
        [
            [0.5, 0, 0, 0],
            [0, 0.5, 0, 0.5],
            [0, 0, 0.5, 0]
        ], [
            [0.5, 0, 0, 0],
            [0, 0.5, 0, -0.25],
            [0, 0, 0.5, 0.4330127018922193]
        ], [
            [0.5, 0, 0, 0.375],
            [0, 0.5, 0, -0.25],
            [0, 0, 0.5, -0.21650635094610965]
        ], [
            [0.5, 0, 0, -0.375],
            [0, 0.5, 0, -0.25],
            [0, 0, 0.5, -0.21650635094610965]
        ]
    ],
    "light": [0.2, 3, 0.2],
    "material": {
        "coefficients": [0.8, 0.2, 0.05],
        "glossiness": 10,
        "color": [0.8, 1.0, 0.8]
    }
}